LSTM_spikes,LSTM_sents
11.95658237308085,12.424869419449598
14.434701971335716,11.943308393283294
10.769552816240301,9.9420362551636
12.45379920826883,11.156086765262522
9.723521973081754,10.46021205849546
9.067910851961951,10.838301664503819
9.201797674760423,11.02315562029513
9.004788871517059,10.861286612544447
10.921302516548286,11.905503684466046
13.994834570332992,12.425634329244295
