LSTM_spikes,LSTM_sents
15.802144840439453,16.87586240018036
20.57949711715089,16.562476463512674
15.1065506405143,12.286129831139059
13.69728524550252,12.792893808656064
10.83885307215587,13.451346465806527
12.08128525754476,12.137548848264318
11.497623100013652,14.03027297510566
10.24366665577113,12.80674463150528
15.397878700841352,13.65251157482155
18.631188886875588,14.108831013843552
