LSTM_spikes,LSTM_sents
10.550507869847111,11.623803955246817
11.977064868427309,11.334338685304143
8.868530216430853,10.184706969818405
12.521965724398953,12.58600423735465
8.5608873618267,10.166088974323676
9.522757020311241,9.239064698416511
10.80413217909256,12.242401550614453
9.15157205183349,10.345284134449544
9.12491242627686,13.599687205287472
12.663802748670525,11.48118266100425
