LSTM_spikes,LSTM_sents
13.24479533,16.15324172
13.94102832,14.32932603
11.53216475,12.92201746
13.78304527,14.50196607
10.34939485,12.41244704
11.69311713,11.27644848
13.50347346,16.13625226
10.39843712,13.57032483
11.41305141,17.17385814
14.70953675,12.7218892
